{"_default": {"1": {"correction": [1.0154465064406395, -0.11263466998934746, -0.11197663471102715, 1.0214138180017471], "i_offset": -0.0087890625, "q_offset": -0.0084228515625, "lo_frequency": 6300000000.0, "if_frequency": 100000000.0, "temperature": 55.1875, "mixer_id": "octave_octave1_1", "optimizer_parameters": {"average_iterations": 100, "iterations": 10000, "calibration_offset_frequency": 7000000.0, "keep_on": false}}, "2": {"correction": [1.0176806412637234, -0.11949069425463676, -0.11879260465502739, 1.0236610807478428], "i_offset": -0.0087890625, "q_offset": -0.0084228515625, "lo_frequency": 6300000000.0, "if_frequency": 120000000.0, "temperature": 55.25, "mixer_id": "octave_octave1_1", "optimizer_parameters": {"average_iterations": 100, "iterations": 10000, "calibration_offset_frequency": 7000000.0, "keep_on": false}}, "3": {"correction": [1.0216768272221088, -0.12512218952178955, -0.12487804889678955, 1.023674238473177], "i_offset": -0.0088348388671875, "q_offset": -0.0084228515625, "lo_frequency": 6300000000.0, "if_frequency": 140000000.0, "temperature": 55.3125, "mixer_id": "octave_octave1_1", "optimizer_parameters": {"average_iterations": 100, "iterations": 10000, "calibration_offset_frequency": 7000000.0, "keep_on": false}}, "4": {"correction": [1.0240623615682125, -0.12890625, -0.12890625, 1.0240623615682125], "i_offset": -0.008819580078125, "q_offset": -0.0084228515625, "lo_frequency": 6300000000.0, "if_frequency": 160000000.0, "temperature": 55.25, "mixer_id": "octave_octave1_1", "optimizer_parameters": {"average_iterations": 100, "iterations": 10000, "calibration_offset_frequency": 7000000.0, "keep_on": false}}, "5": {"correction": [1.024347547441721, -0.13398533314466476, -0.1335933730006218, 1.0273529589176178], "i_offset": -0.00885009765625, "q_offset": -0.0084228515625, "lo_frequency": 6300000000.0, "if_frequency": 180000000.0, "temperature": 55.25, "mixer_id": "octave_octave1_1", "optimizer_parameters": {"average_iterations": 100, "iterations": 10000, "calibration_offset_frequency": 7000000.0, "keep_on": false}}, "6": {"correction": [1.0090008452534676, -0.09411764144897461, -0.09338521957397461, 1.0169144533574581], "i_offset": -0.0030517578125, "q_offset": -0.0001220703125, "lo_frequency": 7000000000.0, "if_frequency": 200000000.0, "temperature": 37.8125, "mixer_id": "octave_octave1_2", "optimizer_parameters": {"average_iterations": 100, "iterations": 10000, "calibration_offset_frequency": 7000000.0, "keep_on": false}}, "7": {"correction": [1.0397530570626259, -0.1774509698152542, -0.17607004940509796, 1.0479078590869904], "i_offset": -0.00872802734375, "q_offset": -0.00811767578125, "lo_frequency": 6300000000.0, "if_frequency": 270000000.0, "temperature": 36.125, "mixer_id": "octave_octave1_1", "optimizer_parameters": {"average_iterations": 100, "iterations": 10000, "calibration_offset_frequency": 7000000.0, "keep_on": false}}, "8": {"correction": [1.0033287145197392, -0.08357913047075272, -0.08244425803422928, 1.0171398669481277], "i_offset": -0.0029296875, "q_offset": -0.0006103515625, "lo_frequency": 7000000000.0, "if_frequency": 100000000.0, "temperature": 56.8125, "mixer_id": "octave_octave1_2", "optimizer_parameters": {"average_iterations": 100, "iterations": 10000, "calibration_offset_frequency": 7000000.0, "keep_on": false}}, "9": {"correction": [1.0047775581479073, -0.08546167239546776, -0.08446603640913963, 1.01662128418684], "i_offset": -0.0029296875, "q_offset": -0.0006103515625, "lo_frequency": 7000000000.0, "if_frequency": 120000000.0, "temperature": 56.8125, "mixer_id": "octave_octave1_2", "optimizer_parameters": {"average_iterations": 100, "iterations": 10000, "calibration_offset_frequency": 7000000.0, "keep_on": false}}, "10": {"correction": [1.0047775581479073, -0.08546167239546776, -0.08446603640913963, 1.01662128418684], "i_offset": -0.0029296875, "q_offset": -0.0006103515625, "lo_frequency": 7000000000.0, "if_frequency": 140000000.0, "temperature": 56.75, "mixer_id": "octave_octave1_2", "optimizer_parameters": {"average_iterations": 100, "iterations": 10000, "calibration_offset_frequency": 7000000.0, "keep_on": false}}, "11": {"correction": [1.0040441751480103, -0.08652897924184799, -0.08535405248403549, 1.017865177243948], "i_offset": -0.0029296875, "q_offset": -0.0006103515625, "lo_frequency": 7000000000.0, "if_frequency": 160000000.0, "temperature": 56.8125, "mixer_id": "octave_octave1_2", "optimizer_parameters": {"average_iterations": 100, "iterations": 10000, "calibration_offset_frequency": 7000000.0, "keep_on": false}}, "12": {"correction": [1.0047828666865826, -0.08947883173823357, -0.088263850659132, 1.0186140350997448], "i_offset": -0.00299072265625, "q_offset": -0.0006103515625, "lo_frequency": 7000000000.0, "if_frequency": 180000000.0, "temperature": 56.8125, "mixer_id": "octave_octave1_2", "optimizer_parameters": {"average_iterations": 100, "iterations": 10000, "calibration_offset_frequency": 7000000.0, "keep_on": false}}, "13": {"correction": [1.0086960345506668, -0.08912830427289009, -0.08860759809613228, 1.0146236792206764], "i_offset": -0.00299072265625, "q_offset": -0.00067138671875, "lo_frequency": 7000000000.0, "if_frequency": 220000000.0, "temperature": 56.8125, "mixer_id": "octave_octave1_2", "optimizer_parameters": {"average_iterations": 100, "iterations": 10000, "calibration_offset_frequency": 7000000.0, "keep_on": false}}, "14": {"correction": [1.005509216338396, -0.08840862661600113, -0.08737865835428238, 1.0173615664243698], "i_offset": -0.00299072265625, "q_offset": -0.0006103515625, "lo_frequency": 7000000000.0, "if_frequency": 240000000.0, "temperature": 56.8125, "mixer_id": "octave_octave1_2", "optimizer_parameters": {"average_iterations": 100, "iterations": 10000, "calibration_offset_frequency": 7000000.0, "keep_on": false}}, "15": {"correction": [1.0038279183208942, -0.09158045053482056, -0.09007269144058228, 1.020631354302168], "i_offset": -0.0030517578125, "q_offset": -0.0006103515625, "lo_frequency": 7000000000.0, "if_frequency": 260000000.0, "temperature": 56.8125, "mixer_id": "octave_octave1_2", "optimizer_parameters": {"average_iterations": 100, "iterations": 10000, "calibration_offset_frequency": 7000000.0, "keep_on": false}}, "16": {"correction": [1.00704175978899, -0.09430253505706787, -0.09320390224456787, 1.0189121775329113], "i_offset": -0.0030517578125, "q_offset": -0.00067138671875, "lo_frequency": 7000000000.0, "if_frequency": 280000000.0, "temperature": 56.75, "mixer_id": "octave_octave1_2", "optimizer_parameters": {"average_iterations": 100, "iterations": 10000, "calibration_offset_frequency": 7000000.0, "keep_on": false}}}}